x,y_real,y_pred,residuo,residuo_cuadrado,alpha,lambda
0.0,0.41980663,0.30321476,0.11659187,0.013593664,988.8851,0.003483368
0.01,0.27707532,0.30321082,-0.026135504,0.0006830646,988.8851,0.003483368
0.02,0.022175215,0.3032075,-0.28103226,0.078979135,988.8851,0.003483368
0.03,-0.1794739,0.3032045,-0.4826784,0.23297845,988.8851,0.003483368
0.04,0.20825672,0.30320272,-0.094946,0.009014742,988.8851,0.003483368
0.05,0.11703252,0.30320153,-0.186169,0.034658898,988.8851,0.003483368
0.06,0.30058163,0.30320033,-0.0026187003,6.857591e-06,988.8851,0.003483368
0.07,0.21156366,0.30319962,-0.09163596,0.008397149,988.8851,0.003483368
0.08,0.3099916,0.30319867,0.0067929327,4.6143934e-05,988.8851,0.003483368
0.09,-0.13783237,0.3031957,-0.44102806,0.19450575,988.8851,0.003483368
0.1,0.39129904,0.30318448,0.08811456,0.0077641755,988.8851,0.003483368
0.11,0.055986412,0.30313274,-0.24714634,0.061081313,988.8851,0.003483368
0.12,0.6456544,0.30288562,0.34276876,0.11749042,988.8851,0.003483368
0.13,-0.26452184,0.3016983,-0.56622016,0.32060528,988.8851,0.003483368
0.14,0.46787864,0.2964091,0.17146954,0.029401803,988.8851,0.003483368
0.15,0.056486014,0.2806799,-0.2241939,0.050262906,988.8851,0.003483368
0.16,-0.21855038,0.26278624,-0.48133662,0.23168494,988.8851,0.003483368
0.17,-0.10037813,0.25584957,-0.3562277,0.12689817,988.8851,0.003483368
0.18,-0.11291217,0.25435755,-0.36726972,0.13488705,988.8851,0.003483368
0.19,0.08263166,0.25409147,-0.17145981,0.029398466,988.8851,0.003483368
0.2,0.28452343,0.25404724,0.030476183,0.0009287977,988.8851,0.003483368
0.21,-0.14255732,0.2540401,-0.39659742,0.1572895,988.8851,0.003483368
0.22,0.045161,0.25403926,-0.20887825,0.043630123,988.8851,0.003483368
0.23,0.5968083,0.25403914,0.34276918,0.11749071,988.8851,0.003483368
0.24,0.536116,0.25403914,0.28207687,0.07956736,988.8851,0.003483368
0.25,0.20106728,0.25403914,-0.052971855,0.0028060174,988.8851,0.003483368
0.26,-0.011535512,0.25403914,-0.26557466,0.0705299,988.8851,0.003483368
0.27,0.13845843,0.2540389,-0.11558047,0.013358844,988.8851,0.003483368
0.28,0.21098132,0.25326845,-0.042287126,0.001788201,988.8851,0.003483368
0.29,-0.24928898,0.16248676,-0.41177574,0.16955926,988.8851,0.003483368
0.3,-0.042710494,0.15944025,-0.20215075,0.040864926,988.8851,0.003483368
0.31,-0.23374517,0.1594393,-0.39318448,0.15459403,988.8851,0.003483368
0.32,0.2191325,0.1594393,0.059693202,0.0035632784,988.8851,0.003483368
0.33,0.1963796,0.15943906,0.036940545,0.0013646039,988.8851,0.003483368
0.34,0.052329253,0.15941212,-0.10708286,0.011466739,988.8851,0.003483368
0.35,0.46402168,0.15758297,0.3064387,0.09390469,988.8851,0.003483368
0.36,-0.2183537,0.069062926,-0.28741664,0.08260832,988.8851,0.003483368
0.37,-0.52303815,-0.13218167,-0.39085647,0.15276879,988.8851,0.003483368
0.38,0.056872115,-0.06750276,0.124374874,0.01546911,988.8851,0.003483368
0.39,0.48543572,0.44124004,0.04419568,0.0019532582,988.8851,0.003483368
0.4,0.7495616,0.45223853,0.29732308,0.08840101,988.8851,0.003483368
0.41,0.046842843,0.4522693,-0.40542644,0.1643706,988.8851,0.003483368
0.42,0.48029196,0.4522693,0.028022677,0.0007852704,988.8851,0.003483368
0.43,0.12885953,0.4522693,-0.32340974,0.10459386,988.8851,0.003483368
0.44,-0.059539728,0.4522693,-0.511809,0.26194844,988.8851,0.003483368
0.45,0.3636535,0.4522693,-0.088615775,0.0078527555,988.8851,0.003483368
0.46,0.33634484,0.4522693,-0.11592445,0.013438477,988.8851,0.003483368
0.47,-0.111006856,0.4522693,-0.5632762,0.31728005,988.8851,0.003483368
0.48,0.71409714,0.4522693,0.26182786,0.06855383,988.8851,0.003483368
0.49,0.3854672,0.4522693,-0.066802084,0.0044625183,988.8851,0.003483368
0.5,0.100656554,0.4522693,-0.35161275,0.12363152,988.8851,0.003483368
0.51,0.30879387,0.4522693,-0.14347541,0.020585194,988.8851,0.003483368
0.52,0.3009869,0.4522693,-0.1512824,0.022886364,988.8851,0.003483368
0.53,0.44339132,0.4522693,-0.008877963,7.881822e-05,988.8851,0.003483368
0.54,0.2795638,0.4522693,-0.17270547,0.02982718,988.8851,0.003483368
0.55,0.23965219,0.4522693,-0.2126171,0.045206033,988.8851,0.003483368
0.56,0.14880951,0.4522693,-0.30345976,0.09208783,988.8851,0.003483368
0.57,0.60653365,0.4522693,0.15426436,0.023797493,988.8851,0.003483368
0.58,0.53857374,0.45226857,0.08630517,0.0074485824,988.8851,0.003483368
0.59,0.3897402,0.45220873,-0.06246853,0.003902317,988.8851,0.003483368
0.6,0.48404375,0.4457383,0.03830546,0.0014673084,988.8851,0.003483368
0.61,-0.5390892,0.22785637,-0.7669456,0.5882056,988.8851,0.003483368
0.62,0.4990932,0.12371776,0.37537545,0.14090672,988.8851,0.003483368
0.63,-0.376836,0.13022134,-0.5070573,0.2571071,988.8851,0.003483368
0.64,0.42947775,0.19522497,0.23425278,0.054874364,988.8851,0.003483368
0.65,0.321937,0.4250302,-0.10309321,0.010628209,988.8851,0.003483368
0.66,0.0019946755,0.5755465,-0.57355183,0.3289617,988.8851,0.003483368
0.67,0.96601874,0.60147285,0.36454588,0.1328937,988.8851,0.003483368
0.68,0.36104265,0.60454345,-0.2435008,0.05929264,988.8851,0.003483368
0.69,0.40962204,0.60489535,-0.19527331,0.038131665,988.8851,0.003483368
0.7,0.5127693,0.60493636,-0.09216708,0.00849477,988.8851,0.003483368
0.71,0.933516,0.60494137,0.32857466,0.107961304,988.8851,0.003483368
0.72,0.4900651,0.60494184,-0.11487675,0.013196667,988.8851,0.003483368
0.73,0.44457412,0.60494184,-0.16036773,0.025717808,988.8851,0.003483368
0.74,0.21626969,0.60494184,-0.38867217,0.15106606,988.8851,0.003483368
0.75,0.54803014,0.60494184,-0.056911707,0.0032389425,988.8851,0.003483368
0.76,0.076452464,0.60494184,-0.52848935,0.279301,988.8851,0.003483368
0.77,0.3385189,0.60494184,-0.26642296,0.07098119,988.8851,0.003483368
0.78,1.020258,0.60494184,0.4153161,0.17248747,988.8851,0.003483368
0.79,0.34519178,0.6049421,-0.2597503,0.06747022,988.8851,0.003483368
0.8,0.41656798,0.6049528,-0.18838483,0.035488844,988.8851,0.003483368
0.81,0.5686737,0.6059005,-0.037226856,0.0013858388,988.8851,0.003483368
0.82,0.866611,0.6743462,0.1922648,0.03696575,988.8851,0.003483368
0.83,1.1064582,0.96142215,0.14503604,0.021035453,988.8851,0.003483368
0.84,0.5363405,0.9789662,-0.4426257,0.19591752,988.8851,0.003483368
0.85,0.6396528,0.9791712,-0.33951843,0.11527276,988.8851,0.003483368
0.86,1.1970034,0.9790723,0.21793109,0.04749396,988.8851,0.003483368
0.87,0.82240695,0.97714823,-0.15474129,0.023944866,988.8851,0.003483368
0.88,0.46068087,0.95070297,-0.4900221,0.24012165,988.8851,0.003483368
0.89,0.7697313,0.89266163,-0.12293035,0.01511187,988.8851,0.003483368
0.9,0.7097248,0.8825055,-0.1727807,0.029853167,988.8851,0.003483368
0.91,0.9717218,0.8818943,0.08982754,0.008068986,988.8851,0.003483368
0.92,0.7564757,0.8812597,-0.12478399,0.015571045,988.8851,0.003483368
0.93,0.66967255,0.86750007,-0.19782752,0.039135728,988.8851,0.003483368
0.94,0.86832213,0.80963635,0.05868578,0.0034440206,988.8851,0.003483368
0.95,0.331428,0.79720926,-0.46578127,0.21695219,988.8851,0.003483368
0.96,0.8952971,0.79667425,0.09862286,0.0097264685,988.8851,0.003483368
0.97,0.27664602,0.7966547,-0.5200087,0.27040902,988.8851,0.003483368
0.98,1.0902891,0.7966547,0.2936344,0.086221166,988.8851,0.003483368
0.99,0.8619399,0.7966621,0.065277815,0.0042611933,988.8851,0.003483368
1.0,0.7162628,0.7967441,-0.08048129,0.006477238,988.8851,0.003483368
1.01,-0.14103198,0.79764414,-0.9386761,0.8811129,988.8851,0.003483368
1.02,1.3907919,0.807183,0.58360887,0.3405993,988.8851,0.003483368
1.03,0.5932374,0.88247925,-0.28924185,0.08366085,988.8851,0.003483368
1.04,1.1790341,1.0436589,0.13537526,0.018326461,988.8851,0.003483368
1.05,0.72609866,1.0948809,-0.36878228,0.13600037,988.8851,0.003483368
1.06,1.7083361,1.1006616,0.6076745,0.36926827,988.8851,0.003483368
1.07,0.6786193,1.1012048,-0.42258543,0.17857844,988.8851,0.003483368
1.08,0.84883004,1.1012548,-0.25242478,0.06371827,988.8851,0.003483368
1.09,1.5162889,1.1012596,0.4150293,0.1722493,988.8851,0.003483368
1.1,0.28992888,1.1012629,-0.811334,0.6582629,988.8851,0.003483368
1.11,1.0506263,1.1014951,-0.05086887,0.0025876418,988.8851,0.003483368
1.12,1.2893702,1.1182655,0.17110467,0.029276809,988.8851,0.003483368
1.13,2.0057294,1.4060487,0.5996808,0.35961702,988.8851,0.003483368
1.14,1.0151803,1.4944237,-0.4792434,0.22967423,988.8851,0.003483368
1.15,1.2632006,1.4959491,-0.23274851,0.054171868,988.8851,0.003483368
1.16,1.7724366,1.4959697,0.27646697,0.07643399,988.8851,0.003483368
1.17,0.6497866,1.4959699,-0.8461833,0.7160262,988.8851,0.003483368
1.18,1.555924,1.4959844,0.059939623,0.0035927584,988.8851,0.003483368
1.19,1.6883955,1.4972627,0.19113278,0.036531743,988.8851,0.003483368
1.2,1.7348762,1.5637642,0.17111194,0.029279297,988.8851,0.003483368
1.21,1.1580968,1.6182128,-0.46011603,0.21170676,988.8851,0.003483368
1.22,1.850743,1.4672142,0.38352883,0.14709437,988.8851,0.003483368
1.23,0.2990767,1.452711,-1.1536343,1.3308722,988.8851,0.003483368
1.24,1.8811125,1.4521683,0.4289441,0.18399306,988.8851,0.003483368
1.25,1.663748,1.4509429,0.21280515,0.045286033,988.8851,0.003483368
1.26,0.91600174,1.4196721,-0.5036704,0.25368387,988.8851,0.003483368
1.27,0.7709359,1.2313002,-0.46036434,0.21193533,988.8851,0.003483368
1.28,1.2452849,1.1765295,0.06875539,0.0047273035,988.8851,0.003483368
1.29,1.1432608,1.1742648,-0.031003952,0.00096124504,988.8851,0.003483368
1.3,0.7442741,1.176164,-0.43188995,0.18652894,988.8851,0.003483368
1.31,1.4192238,1.2069944,0.21222937,0.045041308,988.8851,0.003483368
1.32,1.3421451,1.3782576,-0.036112547,0.0013041161,988.8851,0.003483368
1.33,1.616651,1.4652656,0.15138543,0.022917548,988.8851,0.003483368
1.34,0.86161375,1.4726118,-0.61099803,0.3733186,988.8851,0.003483368
1.35,2.2341762,1.4730495,0.76112664,0.57931376,988.8851,0.003483368
1.36,1.3671696,1.473075,-0.10590541,0.011215957,988.8851,0.003483368
1.37,0.8418244,1.4730767,-0.6312523,0.39847946,988.8851,0.003483368
1.38,1.8709741,1.4730767,0.39789736,0.1583223,988.8851,0.003483368
1.39,1.0644256,1.4730767,-0.4086511,0.16699573,988.8851,0.003483368
1.4,1.3858937,1.4730767,-0.087183,0.007600875,988.8851,0.003483368
1.41,2.3574445,1.4730767,0.8843678,0.78210646,988.8851,0.003483368
1.42,0.67408097,1.4730767,-0.79899573,0.6383942,988.8851,0.003483368
1.43,1.5327303,1.4730767,0.05965364,0.0035585568,988.8851,0.003483368
1.44,1.4880478,1.4730767,0.014971137,0.00022413494,988.8851,0.003483368
1.45,1.7842005,1.4730767,0.31112385,0.09679805,988.8851,0.003483368
1.46,0.58038086,1.4730767,-0.89269584,0.7969059,988.8851,0.003483368
1.47,0.44820216,1.4730767,-1.0248746,1.0503678,988.8851,0.003483368
1.48,2.1839972,1.4730767,0.71092045,0.50540787,988.8851,0.003483368
1.49,1.363803,1.4730767,-0.10927367,0.011940735,988.8851,0.003483368
1.5,1.3115466,1.4730767,-0.16153014,0.026091985,988.8851,0.003483368
1.51,1.0181342,1.4730791,-0.45494485,0.20697482,988.8851,0.003483368
1.52,1.0162597,1.4731549,-0.45689523,0.20875326,988.8851,0.003483368
1.53,1.2384045,1.4754752,-0.23707068,0.05620251,988.8851,0.003483368
1.54,2.1672738,1.5373626,0.6299112,0.3967881,988.8851,0.003483368
1.55,1.5204365,1.8911911,-0.3707546,0.13745898,988.8851,0.003483368
1.56,2.2266464,1.9979061,0.22874033,0.05232214,988.8851,0.003483368
1.57,2.4689054,2.149494,0.31941152,0.10202371,988.8851,0.003483368
1.58,1.3097849,2.0843725,-0.77458763,0.599986,988.8851,0.003483368
1.59,1.8054335,1.7300099,0.0754236,0.005688719,988.8851,0.003483368
1.6,0.38164884,1.6098782,-1.2282293,1.5085472,988.8851,0.003483368
1.61,2.6762075,1.7211291,0.9550785,0.9121749,988.8851,0.003483368
1.62,1.7642452,1.7973849,-0.033139706,0.0010982401,988.8851,0.003483368
1.63,0.73221093,1.805283,-1.073072,1.1514834,988.8851,0.003483368
1.64,2.4168267,1.8753167,0.54151,0.29323307,988.8851,0.003483368
1.65,2.5810795,2.2617643,0.3193152,0.101962194,988.8851,0.003483368
1.66,2.4780676,2.417211,0.06085658,0.0037035234,988.8851,0.003483368
1.67,2.7812552,2.4264765,0.35477877,0.12586798,988.8851,0.003483368
1.68,1.7247432,2.4119892,-0.68724597,0.47230703,988.8851,0.003483368
1.69,1.5518876,2.243564,-0.69167626,0.47841606,988.8851,0.003483368
1.7,1.4598564,1.8734127,-0.41355634,0.17102884,988.8851,0.003483368
1.71,1.3593056,1.7920169,-0.43271124,0.18723902,988.8851,0.003483368
1.72,1.6923662,1.788679,-0.09631276,0.009276148,988.8851,0.003483368
1.73,1.866402,1.8358682,0.03053379,0.0009323124,988.8851,0.003483368
1.74,1.6333946,1.9162208,-0.2828262,0.07999065,988.8851,0.003483368
1.75,2.0720441,1.9243697,0.14767444,0.021807741,988.8851,0.003483368
1.76,1.2275696,1.925716,-0.69814646,0.4874085,988.8851,0.003483368
1.77,2.477322,1.9446851,0.532637,0.28370216,988.8851,0.003483368
1.78,1.3032858,2.120114,-0.81682825,0.6672084,988.8851,0.003483368
1.79,2.876821,2.279365,0.597456,0.35695365,988.8851,0.003483368
1.8,2.1447544,2.259884,-0.11512971,0.01325485,988.8851,0.003483368
1.81,1.7106279,1.9360174,-0.22538948,0.050800417,988.8851,0.003483368
1.82,1.4545662,1.7137016,-0.25913537,0.06715114,988.8851,0.003483368
1.83,1.5625949,1.6976322,-0.1350373,0.018235072,988.8851,0.003483368
1.84,1.3534888,1.6969091,-0.34342027,0.11793748,988.8851,0.003483368
1.85,2.4568608,1.6968771,0.75998366,0.57757515,988.8851,0.003483368
1.86,1.752077,1.6968757,0.055201292,0.0030471827,988.8851,0.003483368
1.87,1.6786717,1.6968757,-0.018203974,0.00033138465,988.8851,0.003483368
1.88,1.4782672,1.6968757,-0.2186085,0.047789674,988.8851,0.003483368
1.89,0.6451061,1.6968757,-1.0517696,1.1062193,988.8851,0.003483368
1.9,1.5750693,1.6968762,-0.12180686,0.014836911,988.8851,0.003483368
1.91,1.8916769,1.6968776,0.1947993,0.037946768,988.8851,0.003483368
1.92,1.747027,1.6968876,0.050139427,0.002513962,988.8851,0.003483368
1.93,1.1814735,1.6970001,-0.51552665,0.26576772,988.8851,0.003483368
1.94,1.4321663,1.6988789,-0.26671255,0.07113558,988.8851,0.003483368
1.95,2.1690245,1.7287885,0.44023597,0.1938077,988.8851,0.003483368
1.96,1.2878151,1.834639,-0.54682386,0.29901633,988.8851,0.003483368
1.97,2.071699,1.8707196,0.20097935,0.0403927,988.8851,0.003483368
1.98,1.9182774,1.9090219,0.009255528,8.5664804e-05,988.8851,0.003483368
1.99,1.5445814,1.9990014,-0.45441997,0.2064975,988.8851,0.003483368
2.0,2.0708346,2.2071047,-0.13627005,0.018569525,988.8851,0.003483368
2.01,2.0285635,2.287206,-0.25864244,0.06689591,988.8851,0.003483368
2.02,2.5126204,2.2952154,0.21740508,0.04726497,988.8851,0.003483368
2.03,2.6244586,2.2965932,0.32786536,0.107495695,988.8851,0.003483368
2.04,0.9910588,2.2968879,-1.305829,1.7051895,988.8851,0.003483368
2.05,1.254508,2.2969527,-1.0424447,1.086691,988.8851,0.003483368
2.06,1.9260714,2.296967,-0.37089562,0.13756357,988.8851,0.003483368
2.07,1.9375764,2.2969704,-0.35939395,0.12916401,988.8851,0.003483368
2.08,1.7167248,2.2969708,-0.5802461,0.33668554,988.8851,0.003483368
2.09,4.755104,2.2969708,2.4581332,6.042419,988.8851,0.003483368
2.1,1.7992417,2.2969706,-0.49772894,0.2477341,988.8851,0.003483368
2.11,2.3215702,2.296964,0.024606228,0.0006054664,988.8851,0.003483368
2.12,2.1994567,2.2968357,-0.09737897,0.009482664,988.8851,0.003483368
2.13,2.4902701,2.2939124,0.19635773,0.038556356,988.8851,0.003483368
2.14,1.5116993,2.2354052,-0.7237059,0.5237502,988.8851,0.003483368
2.15,2.6631901,2.015153,0.6480372,0.4199522,988.8851,0.003483368
2.16,1.0929503,1.9035317,-0.8105813,0.6570421,988.8851,0.003483368
2.17,1.7214828,1.8885027,-0.16701996,0.027895669,988.8851,0.003483368
2.18,1.2197948,1.8835509,-0.66375613,0.4405722,988.8851,0.003483368
2.19,2.4807427,1.8714918,0.6092509,0.37118667,988.8851,0.003483368
2.2,2.9500873,1.8455721,1.1045152,1.2199538,988.8851,0.003483368
2.21,0.6286315,1.8155581,-1.1869266,1.4087948,988.8851,0.003483368
2.22,2.4155576,1.7982035,0.61735415,0.38112617,988.8851,0.003483368
2.23,0.8080037,1.7918519,-0.98384815,0.9679572,988.8851,0.003483368
2.24,1.3841431,1.7899342,-0.40579104,0.16466637,988.8851,0.003483368
2.25,2.4467602,1.78939,0.6573702,0.43213558,988.8851,0.003483368
2.26,1.8008863,1.7892382,0.011648059,0.00013567727,988.8851,0.003483368
2.27,0.95931095,1.7891961,-0.8298852,0.68870944,988.8851,0.003483368
2.28,1.530144,1.7891845,-0.25904047,0.06710197,988.8851,0.003483368
2.29,2.8528776,1.7891816,1.063696,1.1314492,988.8851,0.003483368
2.3,1.0439215,1.7891899,-0.74526846,0.5554251,988.8851,0.003483368
2.31,1.4461671,1.7894115,-0.34324443,0.11781674,988.8851,0.003483368
2.32,1.7040104,1.7947928,-0.090782404,0.008241445,988.8851,0.003483368
2.33,2.0085897,1.9051687,0.10342109,0.010695922,988.8851,0.003483368
2.34,2.945154,2.3412933,0.6038606,0.36464766,988.8851,0.003483368
2.35,2.6106102,2.3449516,0.26565862,0.0705745,988.8851,0.003483368
2.36,0.7319187,1.9171596,-1.1852409,1.4047959,988.8851,0.003483368
2.37,1.6190407,1.7611102,-0.14206946,0.02018373,988.8851,0.003483368
2.38,1.3405578,1.7477081,-0.40715027,0.16577134,988.8851,0.003483368
2.39,2.7316134,1.7468023,0.98481107,0.96985286,988.8851,0.003483368
2.4,0.9367584,1.7467414,-0.809983,0.6560725,988.8851,0.003483368
2.41,1.4659854,1.7467247,-0.2807393,0.07881456,988.8851,0.003483368
2.42,1.790723,1.7464591,0.04426384,0.0019592876,988.8851,0.003483368
2.43,1.9135976,1.7410899,0.17250764,0.029758887,988.8851,0.003483368
2.44,0.50146115,1.646864,-1.1454029,1.3119478,988.8851,0.003483368
2.45,0.94948304,1.1860658,-0.23658276,0.0559714,988.8851,0.003483368
2.46,1.2095908,1.163495,0.046095848,0.0021248271,988.8851,0.003483368
2.47,0.821808,1.4040366,-0.58222866,0.3389902,988.8851,0.003483368
2.48,2.9072819,1.6472021,1.2600797,1.587801,988.8851,0.003483368
2.49,1.345822,1.7377056,-0.3918836,0.15357277,988.8851,0.003483368
2.5,0.64978147,1.7513419,-1.1015605,1.2134355,988.8851,0.003483368
2.51,2.4231904,1.753007,0.6701833,0.44914564,988.8851,0.003483368
2.52,2.4737027,1.7532059,0.7204968,0.5191156,988.8851,0.003483368
2.53,2.3485136,1.7532314,0.5952822,0.3543609,988.8851,0.003483368
2.54,0.6480696,1.7532393,-1.1051697,1.2214,988.8851,0.003483368
2.55,0.6887621,1.7532505,-1.0644884,1.1331356,988.8851,0.003483368
2.56,2.8811095,1.753241,1.1278685,1.2720875,988.8851,0.003483368
2.57,0.97039115,1.7527148,-0.7823236,0.6120302,988.8851,0.003483368
2.58,1.5059527,1.7450558,-0.23910308,0.057170283,988.8851,0.003483368
2.59,1.9424348,1.6546999,0.28773487,0.08279135,988.8851,0.003483368
2.6,0.7847959,1.115553,-0.33075714,0.10940029,988.8851,0.003483368
2.61,1.2992202,0.6235119,0.6757083,0.4565817,988.8851,0.003483368
2.62,-1.0805638,0.56623065,-1.6467944,2.711932,988.8851,0.003483368
2.63,0.20311625,0.6095034,-0.40638715,0.16515052,988.8851,0.003483368
2.64,1.1201459,0.71910346,0.40104246,0.16083506,988.8851,0.003483368
2.65,-0.16522105,0.8993181,-1.0645392,1.1332437,988.8851,0.003483368
2.66,2.5013852,1.0877494,1.4136358,1.9983664,988.8851,0.003483368
2.67,-0.20371939,1.2116314,-1.4153508,2.003218,988.8851,0.003483368
2.68,0.61914927,1.2703475,-0.6511982,0.4240591,988.8851,0.003483368
2.69,1.6502491,1.2938763,0.35637283,0.1270016,988.8851,0.003483368
2.7,2.64875,1.3026668,1.3460833,1.8119402,988.8851,0.003483368
2.71,0.14902712,1.3058661,-1.156839,1.3382765,988.8851,0.003483368
2.72,1.7345103,1.3070203,0.42749,0.18274769,988.8851,0.003483368
2.73,1.005648,1.3074354,-0.30178738,0.09107562,988.8851,0.003483368
2.74,0.6281535,1.3075849,-0.6794314,0.461627,988.8851,0.003483368
2.75,1.4733182,1.3076385,0.1656797,0.02744976,988.8851,0.003483368
2.76,1.8884417,1.3076574,0.5807843,0.33731043,988.8851,0.003483368
2.77,0.6250017,1.3076625,-0.68266076,0.4660257,988.8851,0.003483368
2.78,1.0992945,1.3076488,-0.20835423,0.043411486,988.8851,0.003483368
2.79,0.5456154,1.307525,-0.76190966,0.5805063,988.8851,0.003483368
2.8,1.0733837,1.3065675,-0.23318386,0.054374713,988.8851,0.003483368
2.81,1.4272288,1.2993203,0.12790847,0.016360575,988.8851,0.003483368
2.82,2.4455426,1.2493738,1.1961688,1.4308197,988.8851,0.003483368
2.83,0.10371255,1.0432583,-0.93954575,0.8827462,988.8851,0.003483368
2.84,2.4251451,0.81678426,1.6083609,2.5868247,988.8851,0.003483368
2.85,-1.2490926,0.75493586,-2.0040283,4.0161295,988.8851,0.003483368
2.86,0.11366052,0.7456783,-0.6320178,0.3994465,988.8851,0.003483368
2.87,1.4288621,0.7444438,0.6844183,0.46842843,988.8851,0.003483368
2.88,0.6565907,0.74428165,-0.08769095,0.007689703,988.8851,0.003483368
2.89,-0.46629146,0.7442602,-1.2105516,1.4654353,988.8851,0.003483368
2.9,0.6293303,0.74425733,-0.11492705,0.013208227,988.8851,0.003483368
2.91,0.9854364,0.7442571,0.24117929,0.05816745,988.8851,0.003483368
2.92,0.12366334,0.74425685,-0.6205935,0.38513628,988.8851,0.003483368
2.93,1.6136981,0.74425685,0.8694413,0.7559281,988.8851,0.003483368
2.94,0.9281126,0.74425685,0.18385577,0.033802945,988.8851,0.003483368
2.95,-0.08114508,0.74425685,-0.8254019,0.6812883,988.8851,0.003483368
2.96,1.6091325,0.74425685,0.8648757,0.7480099,988.8851,0.003483368
2.97,0.69385445,0.74425685,-0.050402403,0.002540402,988.8851,0.003483368
2.98,1.2863696,0.74425685,0.5421127,0.29388618,988.8851,0.003483368
2.99,1.1128144,0.74425685,0.36855757,0.13583468,988.8851,0.003483368
3.0,-0.5231626,0.74425685,-1.2674195,1.6063521,988.8851,0.003483368
3.01,0.18672094,0.74425685,-0.5575359,0.31084627,988.8851,0.003483368
3.02,0.9908657,0.74425685,0.24660885,0.060815927,988.8851,0.003483368
3.03,0.6655274,0.74425685,-0.07872945,0.0061983266,988.8851,0.003483368
3.04,0.4502014,0.74425685,-0.29405546,0.086468615,988.8851,0.003483368
3.05,0.11678132,0.74425685,-0.62747556,0.39372557,988.8851,0.003483368
3.06,1.4307473,0.74425685,0.6864904,0.4712691,988.8851,0.003483368
3.07,-0.32797122,0.74425685,-1.0722281,1.149673,988.8851,0.003483368
3.08,1.0208721,0.7442554,0.2766167,0.07651679,988.8851,0.003483368
3.09,0.11432747,0.74424446,-0.62991697,0.3967954,988.8851,0.003483368
3.1,-0.08105155,0.7441546,-0.8252061,0.6809651,988.8851,0.003483368
3.11,1.3687255,0.7434262,0.62529933,0.39099926,988.8851,0.003483368
3.12,1.2570158,0.7375411,0.51947474,0.269854,988.8851,0.003483368
3.13,0.96751285,0.6926347,0.27487814,0.07555799,988.8851,0.003483368
3.14,1.2378677,0.4570628,0.7808049,0.6096563,988.8851,0.003483368
3.15,-0.40018508,0.09243546,-0.49262053,0.24267499,988.8851,0.003483368
3.16,0.26879337,-0.02764859,0.29644197,0.08787784,988.8851,0.003483368
3.17,-0.47667027,-0.045451783,-0.43121848,0.18594937,988.8851,0.003483368
3.18,0.0042957035,-0.047684573,0.051980276,0.002701949,988.8851,0.003483368
3.19,-0.33499742,-0.0479578,-0.2870396,0.08239174,988.8851,0.003483368
3.2,-0.07668616,-0.047991417,-0.028694741,0.00082338817,988.8851,0.003483368
3.21,0.51262766,-0.04799547,0.5606231,0.31429827,988.8851,0.003483368
3.22,-1.0637639,-0.047996186,-1.0157677,1.031784,988.8851,0.003483368
3.23,1.8882898,-0.047996186,1.936286,3.7492034,988.8851,0.003483368
3.24,-1.276832,-0.047996663,-1.2288353,1.5100363,988.8851,0.003483368
3.25,-2.128108,-0.048000954,-2.080107,4.326845,988.8851,0.003483368
3.26,0.4657252,-0.04803314,0.51375836,0.26394767,988.8851,0.003483368
3.27,0.31465575,-0.04828968,0.36294544,0.1317294,988.8851,0.003483368
3.28,-0.20130257,-0.05032029,-0.15098229,0.022795653,988.8851,0.003483368
3.29,0.3136858,-0.06596532,0.37965113,0.14413498,988.8851,0.003483368
3.3,-0.07345985,-0.1630322,0.089572355,0.008023207,988.8851,0.003483368
3.31,-1.0801423,-0.40173474,-0.67840755,0.46023682,988.8851,0.003483368
3.32,-0.57770675,-0.5261382,-0.051568568,0.002659317,988.8851,0.003483368
3.33,-0.85295796,-0.55094564,-0.30201232,0.091211446,988.8851,0.003483368
3.34,0.3633289,-0.57586324,0.9391922,0.8820819,988.8851,0.003483368
3.35,-0.9420401,-0.68747747,-0.25456262,0.064802125,988.8851,0.003483368
3.36,-1.7441503,-0.83076274,-0.91338754,0.8342768,988.8851,0.003483368
3.37,-1.1787194,-0.869378,-0.30934143,0.09569212,988.8851,0.003483368
3.38,-0.49594554,-0.87454665,0.3786011,0.1433388,988.8851,0.003483368
3.39,-1.3556501,-0.8751656,-0.4804845,0.23086534,988.8851,0.003483368
3.4,-1.6593324,-0.8753787,-0.78395367,0.6145834,988.8851,0.003483368
3.41,-0.65411305,-0.87777865,0.2236656,0.050026298,988.8851,0.003483368
3.42,-0.5574832,-0.91792357,0.36044037,0.12991726,988.8851,0.003483368
3.43,-1.1400309,-1.1499745,0.0099436045,9.887527e-05,988.8851,0.003483368
3.44,-1.2125995,-1.3794204,0.16682088,0.027829207,988.8851,0.003483368
3.45,-1.2525159,-1.7361532,0.48363733,0.23390508,988.8851,0.003483368
3.46,-3.3524559,-1.9246517,-1.4278041,2.0386245,988.8851,0.003483368
3.47,-2.3040733,-1.9320847,-0.37198865,0.13837557,988.8851,0.003483368
3.48,-2.3154278,-1.8293554,-0.48607242,0.2362664,988.8851,0.003483368
3.49,-1.4823992,-1.5873114,0.10491216,0.011006562,988.8851,0.003483368
3.5,-1.2523223,-1.370726,0.11840367,0.01401943,988.8851,0.003483368
3.51,-0.2511007,-1.2907263,1.0396256,1.0808215,988.8851,0.003483368
3.52,-0.2323048,-1.3047663,1.0724615,1.1501737,988.8851,0.003483368
3.53,-1.2784919,-1.4261461,0.1476543,0.02180179,988.8851,0.003483368
3.54,-1.5664946,-1.4523362,-0.11415839,0.013032138,988.8851,0.003483368
3.55,-3.2548823,-1.4534463,-1.8014361,3.2451718,988.8851,0.003483368
3.56,-1.6300937,-1.4534565,-0.17663717,0.03120069,988.8851,0.003483368
3.57,-1.6746709,-1.4534494,-0.22122157,0.048938982,988.8851,0.003483368
3.58,-1.6167765,-1.4534475,-0.163329,0.026676364,988.8851,0.003483368
3.59,-2.3922956,-1.4534475,-0.93884814,0.8814358,988.8851,0.003483368
3.6,-1.0367724,-1.4534475,0.4166751,0.17361814,988.8851,0.003483368
3.61,0.20395233,-1.453447,1.6573993,2.7469723,988.8851,0.003483368
3.62,-1.748764,-1.453447,-0.29531705,0.08721216,988.8851,0.003483368
3.63,-1.5577253,-1.453447,-0.104278326,0.01087397,988.8851,0.003483368
3.64,-0.6274105,-1.453447,0.8260365,0.68233633,988.8851,0.003483368
3.65,-2.2636666,-1.453447,-0.81021965,0.6564559,988.8851,0.003483368
3.66,-1.5756582,-1.453447,-0.12221122,0.014935582,988.8851,0.003483368
3.67,-2.116378,-1.453447,-0.6629311,0.43947762,988.8851,0.003483368
3.68,-1.9121413,-1.453447,-0.45869434,0.21040049,988.8851,0.003483368
3.69,-3.0448658,-1.4534475,-1.5914184,2.5326126,988.8851,0.003483368
3.7,-1.9850713,-1.4534475,-0.53162384,0.28262392,988.8851,0.003483368
3.71,-0.9292731,-1.4534498,0.5241767,0.27476123,988.8851,0.003483368
3.72,-0.82578474,-1.4534675,0.62768275,0.39398563,988.8851,0.003483368
3.73,-1.4809321,-1.4535915,-0.02734065,0.00074751116,988.8851,0.003483368
3.74,0.7503778,-1.4544717,2.2048495,4.861361,988.8851,0.003483368
3.75,-3.069418,-1.4606978,-1.6087202,2.5879807,988.8851,0.003483368
3.76,-1.3965597,-1.5029722,0.10641253,0.011323626,988.8851,0.003483368
3.77,-1.6968901,-1.7273747,0.030484557,0.00092930824,988.8851,0.003483368
3.78,0.04898476,-2.2076962,2.256681,5.092609,988.8851,0.003483368
3.79,-2.6600804,-2.4544508,-0.20562959,0.042283528,988.8851,0.003483368
3.8,-3.0789652,-2.5025465,-0.57641864,0.33225843,988.8851,0.003483368
3.81,-3.1926765,-2.5086339,-0.6840427,0.4679144,988.8851,0.003483368
3.82,-4.1840477,-2.5038846,-1.6801631,2.8229482,988.8851,0.003483368
3.83,-3.2190368,-2.4777367,-0.7413001,0.54952586,988.8851,0.003483368
3.84,-3.1210074,-2.4094632,-0.7115443,0.50629526,988.8851,0.003483368
3.85,-2.241414,-2.3495266,0.10811257,0.011688328,988.8851,0.003483368
3.86,-1.754324,-2.3301833,0.5758593,0.33161393,988.8851,0.003483368
3.87,0.07049842,-2.3261874,2.3966858,5.744103,988.8851,0.003483368
3.88,-1.4957758,-2.3255484,0.8297726,0.6885226,988.8851,0.003483368
3.89,-3.5463102,-2.3259385,-1.2203717,1.4893072,988.8851,0.003483368
3.9,-3.5954416,-2.3284962,-1.2669454,1.6051506,988.8851,0.003483368
3.91,-2.343708,-2.3415303,-0.0021777153,4.7424437e-06,988.8851,0.003483368
3.92,-3.7009916,-2.4084334,-1.2925582,1.6707066,988.8851,0.003483368
3.93,-0.58702886,-2.6345792,2.0475502,4.192462,988.8851,0.003483368
3.94,-1.5375057,-2.8155954,1.2780896,1.6335131,988.8851,0.003483368
3.95,-3.3571622,-2.890879,-0.46628332,0.21742013,988.8851,0.003483368
3.96,-5.330373,-3.0060365,-2.3243363,5.4025393,988.8851,0.003483368
3.97,-1.6043389,-3.1188824,1.5145435,2.293842,988.8851,0.003483368
3.98,-2.7360814,-3.1470792,0.41099787,0.16891925,988.8851,0.003483368
3.99,-1.7088132,-3.1499016,1.4410884,2.076736,988.8851,0.003483368
4.0,-5.254596,-3.1501498,-2.1044464,4.4286947,988.8851,0.003483368
4.01,-3.6208892,-3.1501732,-0.470716,0.22157355,988.8851,0.003483368
4.02,-2.732252,-3.1501756,0.4179237,0.1746602,988.8851,0.003483368
4.03,-2.8550699,-3.1501758,0.29510593,0.08708751,988.8851,0.003483368
4.04,-3.4073021,-3.1501758,-0.25712633,0.06611395,988.8851,0.003483368
4.05,-2.663803,-3.1501758,0.4863727,0.23655841,988.8851,0.003483368
4.06,-4.953126,-3.150173,-1.802953,3.2506394,988.8851,0.003483368
4.07,-2.9821591,-3.1501663,0.16800714,0.028226398,988.8851,0.003483368
4.08,-3.2405624,-3.1501386,-0.09042382,0.008176467,988.8851,0.003483368
4.09,-2.7671096,-3.1500394,0.3829298,0.14663523,988.8851,0.003483368
4.1,-2.0811915,-3.1496742,1.0684826,1.1416551,988.8851,0.003483368
4.11,-4.6063905,-3.1483324,-1.4580581,2.1259334,988.8851,0.003483368
4.12,-5.1773887,-3.1434247,-2.033964,4.137009,988.8851,0.003483368
4.13,-1.2166315,-3.1257265,1.9090949,3.6446435,988.8851,0.003483368
4.14,-3.2604444,-3.0652149,-0.19522953,0.03811457,988.8851,0.003483368
4.15,-4.164346,-2.891279,-1.2730672,1.6207002,988.8851,0.003483368
4.16,-1.5883558,-2.5687597,0.9804039,0.96119183,988.8851,0.003483368
4.17,-3.3462265,-2.2716634,-1.074563,1.1546857,988.8851,0.003483368
4.18,-1.6640959,-2.1320164,0.46792054,0.21894963,988.8851,0.003483368
4.19,-3.393957,-2.09843,-1.295527,1.6783901,988.8851,0.003483368
4.2,-0.90258706,-2.1324117,1.2298247,1.5124687,988.8851,0.003483368
4.21,-1.1510425,-2.267431,1.1163886,1.2463235,988.8851,0.003483368
4.22,-4.143364,-2.5581987,-1.5851653,2.512749,988.8851,0.003483368
4.23,-2.7661507,-2.9084547,0.14230394,0.020250412,988.8851,0.003483368
4.24,-3.2681758,-3.1690576,-0.09911823,0.009824424,988.8851,0.003483368
4.25,-2.6486065,-3.406904,0.75829744,0.575015,988.8851,0.003483368
4.26,-4.4477773,-3.7075937,-0.7401836,0.54787177,988.8851,0.003483368
4.27,-3.3110642,-3.969631,0.6585667,0.43371013,988.8851,0.003483368
4.28,-2.593459,-4.103254,1.509795,2.2794807,988.8851,0.003483368
4.29,-6.259503,-4.1525674,-2.1069355,4.439177,988.8851,0.003483368
4.3,-5.373695,-4.1691384,-1.2045565,1.4509562,988.8851,0.003483368
4.31,-6.357758,-4.1755347,-2.1822233,4.762099,988.8851,0.003483368
4.32,-4.082681,-4.179589,0.096907616,0.009391086,988.8851,0.003483368
4.33,-3.2601054,-4.1841664,0.92406106,0.85388887,988.8851,0.003483368
4.34,-2.1366074,-4.1907954,2.054188,4.2196884,988.8851,0.003483368
4.35,-3.8860111,-4.2008786,0.3148675,0.09914154,988.8851,0.003483368
4.36,-2.03646,-4.216079,2.1796193,4.7507405,988.8851,0.003483368
4.37,-5.443454,-4.2383246,-1.2051291,1.4523363,988.8851,0.003483368
4.38,-6.231215,-4.269425,-1.9617901,3.8486204,988.8851,0.003483368
4.39,-4.0165257,-4.310223,0.29369736,0.086258136,988.8851,0.003483368
4.4,-3.4812183,-4.3595166,0.8782983,0.7714079,988.8851,0.003483368
4.41,-3.9011214,-4.4134984,0.512377,0.2625302,988.8851,0.003483368
4.42,-6.919528,-4.466639,-2.452889,6.0166645,988.8851,0.003483368
4.43,-4.7620287,-4.513743,-0.24828577,0.061645824,988.8851,0.003483368
4.44,-5.8939486,-4.5517936,-1.342155,1.80138,988.8851,0.003483368
4.45,-3.5990844,-4.580296,0.98121166,0.9627763,988.8851,0.003483368
4.46,-3.9867775,-4.600471,0.6136935,0.3766197,988.8851,0.003483368
4.47,-5.4237995,-4.6141906,-0.80960894,0.6554666,988.8851,0.003483368
4.48,-4.6787252,-4.6232715,-0.055453777,0.0030751214,988.8851,0.003483368
4.49,-5.799805,-4.6291766,-1.1706285,1.3703712,988.8851,0.003483368
4.5,-4.3908525,-4.632974,0.2421217,0.058622915,988.8851,0.003483368
4.51,-2.614975,-4.6354003,2.0204253,4.0821185,988.8851,0.003483368
4.52,-5.7010255,-4.6369433,-1.0640821,1.1322708,988.8851,0.003483368
4.53,-2.9893577,-4.637923,1.648565,2.7177668,988.8851,0.003483368
4.54,-5.025265,-4.6385446,-0.38672066,0.14955287,988.8851,0.003483368
4.55,-6.10064,-4.6389384,-1.4617014,2.136571,988.8851,0.003483368
4.56,-4.4275703,-4.6391883,0.21161795,0.044782154,988.8851,0.003483368
4.57,-5.8287206,-4.6393466,-1.189374,1.4146104,988.8851,0.003483368
4.58,-4.9137106,-4.6394477,-0.2742629,0.07522014,988.8851,0.003483368
4.59,-6.0031896,-4.6395116,-1.363678,1.8596176,988.8851,0.003483368
4.6,-1.9011947,-4.6395516,2.738357,7.4985995,988.8851,0.003483368
4.61,-4.9043765,-4.6395783,-0.26479816,0.07011807,988.8851,0.003483368
4.62,-5.632823,-4.6395946,-0.99322844,0.9865027,988.8851,0.003483368
4.63,-4.5722327,-4.639605,0.06737232,0.0045390297,988.8851,0.003483368
4.64,-4.958366,-4.6396117,-0.3187542,0.10160424,988.8851,0.003483368
4.65,-4.772632,-4.6396165,-0.13301563,0.017693158,988.8851,0.003483368
4.66,-3.2940302,-4.6396184,1.3455882,1.8106077,988.8851,0.003483368
4.67,-3.4861352,-4.6396203,1.1534851,1.3305278,988.8851,0.003483368
4.68,-5.781134,-4.639622,-1.1415119,1.3030494,988.8851,0.003483368
4.69,-5.36562,-4.639622,-0.7259979,0.52707297,988.8851,0.003483368
4.7,-4.7284727,-4.639623,-0.088849545,0.007894241,988.8851,0.003483368
4.71,-8.145536,-4.639623,-3.5059133,12.291428,988.8851,0.003483368
4.72,-6.905579,-4.639623,-2.265956,5.1345563,988.8851,0.003483368
4.73,-2.7852654,-4.639623,1.8543577,3.4386425,988.8851,0.003483368
4.74,-2.6345186,-4.639624,2.0051055,4.020448,988.8851,0.003483368
4.75,-4.907033,-4.639624,-0.26740885,0.07150749,988.8851,0.003483368
4.76,-3.9675672,-4.639624,0.6720569,0.45166048,988.8851,0.003483368
4.77,-4.1908274,-4.639623,0.4487958,0.20141767,988.8851,0.003483368
4.78,-0.6202114,-4.6396213,4.0194097,16.155655,988.8851,0.003483368
4.79,-3.2979894,-4.6396165,1.3416271,1.7999634,988.8851,0.003483368
4.8,-4.749077,-4.639601,-0.10947561,0.01198491,988.8851,0.003483368
4.81,-6.277798,-4.6395545,-1.6382437,2.6838424,988.8851,0.003483368
4.82,-6.596951,-4.6394095,-1.9575415,3.8319685,988.8851,0.003483368
4.83,-4.6217055,-4.638967,0.017261505,0.00029795954,988.8851,0.003483368
4.84,-5.8314605,-4.6376185,-1.1938419,1.4252585,988.8851,0.003483368
4.85,-6.5937524,-4.633551,-1.9602013,3.842389,988.8851,0.003483368
4.86,-6.1753616,-4.621508,-1.5538535,2.4144607,988.8851,0.003483368
4.87,-6.918021,-4.587629,-2.3303924,5.4307284,988.8851,0.003483368
4.88,-2.7993338,-4.504189,1.7048552,2.9065313,988.8851,0.003483368
4.89,-3.1409326,-4.351744,1.2108116,1.4660648,988.8851,0.003483368
4.9,-4.991295,-4.1826997,-0.8085952,0.6538262,988.8851,0.003483368
4.91,-1.867026,-4.080708,2.2136822,4.9003887,988.8851,0.003483368
4.92,-4.869427,-4.0620265,-0.8074007,0.6518959,988.8851,0.003483368
4.93,-6.032205,-4.1170344,-1.9151707,3.6678786,988.8851,0.003483368
4.94,-2.092686,-4.238604,2.1459181,4.6049647,988.8851,0.003483368
4.95,-3.4088109,-4.3840203,0.9752095,0.95103353,988.8851,0.003483368
4.96,-5.7336946,-4.4933906,-1.240304,1.538354,988.8851,0.003483368
4.97,-4.727282,-4.5564265,-0.17085552,0.02919161,988.8851,0.003483368
4.98,-5.803694,-4.5980763,-1.2056174,1.4535134,988.8851,0.003483368
4.99,-6.6912403,-4.64411,-2.04713,4.1907415,988.8851,0.003483368
5.0,-3.1718466,-4.7116055,1.5397589,2.3708575,988.8851,0.003483368
5.01,-2.0852616,-4.800361,2.7150996,7.3717656,988.8851,0.003483368
5.02,-7.1360617,-4.888266,-2.2477956,5.052585,988.8851,0.003483368
5.03,-3.9299123,-4.952477,1.0225646,1.0456384,988.8851,0.003483368
5.04,-5.8067684,-4.9895844,-0.817184,0.66778964,988.8851,0.003483368
5.05,-5.638884,-5.0081916,-0.6306925,0.397773,988.8851,0.003483368
5.06,-5.4476953,-5.0168653,-0.43083,0.1856145,988.8851,0.003483368
5.07,-5.7767887,-5.0207734,-0.7560153,0.57155913,988.8851,0.003483368
5.08,-4.640129,-5.022508,0.38237906,0.14621374,988.8851,0.003483368
5.09,-5.5570016,-5.023274,-0.53372765,0.2848652,988.8851,0.003483368
5.1,-4.6503625,-5.0236115,0.37324905,0.13931486,988.8851,0.003483368
5.11,-4.846475,-5.0237603,0.1772852,0.03143004,988.8851,0.003483368
5.12,-5.282592,-5.023825,-0.25876665,0.06696018,988.8851,0.003483368
5.13,-6.6458316,-5.0238547,-1.6219769,2.6308088,988.8851,0.003483368
5.14,-5.5913754,-5.023867,-0.5675082,0.3220656,988.8851,0.003483368
5.15,-3.534143,-5.023873,1.4897299,2.219295,988.8851,0.003483368
5.16,-3.422201,-5.0238757,1.6016748,2.5653622,988.8851,0.003483368
5.17,-5.965006,-5.0238767,-0.9411292,0.8857242,988.8851,0.003483368
5.18,-4.7768087,-5.0238767,0.24706793,0.061042562,988.8851,0.003483368
5.19,-2.8830786,-5.0238767,2.140798,4.5830164,988.8851,0.003483368
5.2,-6.8319263,-5.0238767,-1.8080497,3.2690437,988.8851,0.003483368
5.21,-3.554258,-5.0238757,1.4696176,2.159776,988.8851,0.003483368
5.22,-5.667415,-5.0238757,-0.6435394,0.414143,988.8851,0.003483368
5.23,-3.937452,-5.023874,1.0864217,1.1803122,988.8851,0.003483368
5.24,-5.83893,-5.023868,-0.81506205,0.66432613,988.8851,0.003483368
5.25,-7.0254707,-5.023854,-2.001617,4.00647,988.8851,0.003483368
5.26,-6.4937205,-5.0238223,-1.4698982,2.160601,988.8851,0.003483368
5.27,-3.932714,-5.023746,1.091032,1.1903509,988.8851,0.003483368
5.28,-4.1872854,-5.0235667,0.8362813,0.6993664,988.8851,0.003483368
5.29,-6.202836,-5.0231414,-1.1796947,1.3916795,988.8851,0.003483368
5.3,-3.3533895,-5.022142,1.6687524,2.7847347,988.8851,0.003483368
5.31,-7.5670156,-5.019793,-2.5472226,6.4883432,988.8851,0.003483368
5.32,-4.376309,-5.0143037,0.63799477,0.40703732,988.8851,0.003483368
5.33,-6.326054,-5.0016522,-1.3244019,1.7540402,988.8851,0.003483368
5.34,-5.506423,-4.9733863,-0.5330367,0.28412813,988.8851,0.003483368
5.35,-4.701169,-4.914388,0.21321917,0.04546241,988.8851,0.003483368
5.36,-5.504211,-4.806955,-0.6972561,0.48616606,988.8851,0.003483368
5.37,-5.029441,-4.6524596,-0.37698126,0.14211486,988.8851,0.003483368
5.38,-2.9517484,-4.491719,1.5399704,2.3715088,988.8851,0.003483368
5.39,-5.9937143,-4.3720126,-1.6217017,2.6299164,988.8851,0.003483368
5.4,-2.8273616,-4.3030524,1.4756908,2.1776636,988.8851,0.003483368
5.41,-5.4479494,-4.2686954,-1.179254,1.3906401,988.8851,0.003483368
5.42,-2.7589104,-4.2519193,1.4930089,2.2290754,988.8851,0.003483368
5.43,-1.8796607,-4.241711,2.3620505,5.5792828,988.8851,0.003483368
5.44,-8.276792,-4.230519,-4.0462728,16.372324,988.8851,0.003483368
5.45,-5.195713,-4.210051,-0.985662,0.97152954,988.8851,0.003483368
5.46,-3.3581724,-4.1670136,0.8088412,0.65422416,988.8851,0.003483368
5.47,-4.216504,-4.0817056,-0.13479853,0.018170644,988.8851,0.003483368
5.48,-3.1032648,-3.9406908,0.83742595,0.7012822,988.8851,0.003483368
5.49,-4.5388117,-3.7672236,-0.7715881,0.5953482,988.8851,0.003483368
5.5,-3.767645,-3.6174562,-0.15018868,0.02255664,988.8851,0.003483368
5.51,-4.1667223,-3.5228474,-0.6438749,0.41457486,988.8851,0.003483368
5.52,-2.1451194,-3.4743068,1.3291874,1.7667391,988.8851,0.003483368
5.53,-3.6083117,-3.4520366,-0.15627503,0.024421886,988.8851,0.003483368
5.54,-3.2554157,-3.442345,0.18692923,0.034942534,988.8851,0.003483368
5.55,-4.289847,-3.4382231,-0.8516238,0.72526306,988.8851,0.003483368
5.56,-4.2187266,-3.4364874,-0.7822392,0.6118982,988.8851,0.003483368
5.57,-4.607909,-3.4357593,-1.1721499,1.3739353,988.8851,0.003483368
5.58,-2.5001912,-3.4354537,0.93526244,0.8747158,988.8851,0.003483368
5.59,-4.3592854,-3.4353259,-0.9239595,0.8537012,988.8851,0.003483368
5.6,-3.0546815,-3.4352715,0.38058996,0.14484872,988.8851,0.003483368
5.61,-0.2289842,-3.4352462,3.206262,10.280117,988.8851,0.003483368
5.62,-2.718397,-3.435231,0.71683407,0.5138511,988.8851,0.003483368
5.63,-3.7068987,-3.4352133,-0.27168536,0.07381294,988.8851,0.003483368
5.64,-1.1290678,-3.435179,2.3061113,5.3181496,988.8851,0.003483368
5.65,-4.119279,-3.4351017,-0.68417716,0.46809837,988.8851,0.003483368
5.66,-6.7439537,-3.4349234,-3.3090303,10.949681,988.8851,0.003483368
5.67,-4.8229184,-3.4345062,-1.3884122,1.9276886,988.8851,0.003483368
5.68,-6.878679,-3.433532,-3.4451468,11.869037,988.8851,0.003483368
5.69,-3.9394877,-3.4312627,-0.50822496,0.25829262,988.8851,0.003483368
5.7,-2.8691328,-3.4260223,0.55688953,0.31012595,988.8851,0.003483368
5.71,-0.6011456,-3.4141448,2.8129992,7.912965,988.8851,0.003483368
5.72,-2.4047318,-3.3883417,0.9836099,0.96748847,988.8851,0.003483368
5.73,-3.794151,-3.3368413,-0.45730972,0.20913218,988.8851,0.003483368
5.74,-1.3986423,-3.2476566,1.8490143,3.4188538,988.8851,0.003483368
5.75,-6.7475057,-3.1170142,-3.6304915,13.180469,988.8851,0.003483368
5.76,-2.955335,-2.9454353,-0.009899616,9.8002405e-05,988.8851,0.003483368
5.77,-1.1490194,-2.7340176,1.5849983,2.5122194,988.8851,0.003483368
5.78,-5.571469,-2.5112216,-3.0602472,9.365113,988.8851,0.003483368
5.79,-0.9975578,-2.3310883,1.3335304,1.7783034,988.8851,0.003483368
5.8,-2.0455382,-2.2197568,0.17421865,0.03035214,988.8851,0.003483368
5.81,-3.0270114,-2.1629899,-0.86402154,0.7465332,988.8851,0.003483368
5.82,-1.8002857,-2.1369998,0.33671415,0.113376416,988.8851,0.003483368
5.83,1.437388,-2.1257055,3.5630934,12.695635,988.8851,0.003483368
5.84,-2.0570295,-2.120909,0.06387949,0.0040805894,988.8851,0.003483368
5.85,-1.8120607,-2.118891,0.3068303,0.09414483,988.8851,0.003483368
5.86,-3.1611316,-2.118039,-1.0430927,1.0880425,988.8851,0.003483368
5.87,-3.9636571,-2.1176617,-1.8459954,3.407699,988.8851,0.003483368
5.88,-1.090584,-2.1174443,1.0268602,1.0544419,988.8851,0.003483368
5.89,-3.7435079,-2.117183,-1.6263249,2.6449327,988.8851,0.003483368
5.9,-2.4008417,-2.116596,-0.28424573,0.08079564,988.8851,0.003483368
5.91,-3.8779793,-2.1150053,-1.762974,3.1080775,988.8851,0.003483368
5.92,-1.121465,-2.110566,0.98910093,0.97832066,988.8851,0.003483368
5.93,-1.186352,-2.098223,0.91187096,0.83150864,988.8851,0.003483368
5.94,-0.8587244,-2.0647576,1.2060332,1.4545162,988.8851,0.003483368
5.95,-3.1592746,-1.9801875,-1.179087,1.3902463,988.8851,0.003483368
5.96,-2.1896179,-1.7990078,-0.3906101,0.15257625,988.8851,0.003483368
5.97,-2.9750178,-1.5164636,-1.4585541,2.1273801,988.8851,0.003483368
5.98,-2.5762231,-1.2374479,-1.3387753,1.7923193,988.8851,0.003483368
5.99,-1.2715203,-1.0636483,-0.20787191,0.043210734,988.8851,0.003483368
6.0,-0.3687824,-0.9849404,0.616158,0.37965068,988.8851,0.003483368
6.01,-2.871699,-0.9545914,-1.9171077,3.675302,988.8851,0.003483368
6.02,-0.18942906,-0.943606,0.754177,0.5687829,988.8851,0.003483368
6.03,0.7021427,-0.939613,1.6417557,2.6953619,988.8851,0.003483368
6.04,-0.85008335,-0.93786037,0.08777702,0.007704805,988.8851,0.003483368
6.05,1.7223651,-0.936257,2.6586223,7.068272,988.8851,0.003483368
6.06,-2.71125,-0.93296874,-1.7782813,3.1622844,988.8851,0.003483368
6.07,-3.0633678,-0.92436826,-2.1389995,4.575319,988.8851,0.003483368
6.08,-4.374346,-0.90137494,-3.472971,12.061527,988.8851,0.003483368
6.09,1.4883727,-0.8423172,2.33069,5.4321156,988.8851,0.003483368
6.1,-0.0012455056,-0.7069453,0.7056998,0.4980122,988.8851,0.003483368
6.11,-1.6237245,-0.46451607,-1.1592084,1.3437642,988.8851,0.003483368
6.12,-0.2153122,-0.17599764,-0.039314553,0.0015456341,988.8851,0.003483368
6.13,-3.0284832,0.03827367,-3.0667567,9.404997,988.8851,0.003483368
6.14,3.5747745,0.14815626,3.4266183,11.741714,988.8851,0.003483368
6.15,0.37967512,0.19397697,0.18569815,0.034483805,988.8851,0.003483368
6.16,-0.46511635,0.21140632,-0.6765227,0.45768294,988.8851,0.003483368
6.17,0.4209935,0.2178007,0.2031928,0.041287314,988.8851,0.003483368
6.18,0.12732963,0.2201148,-0.092785165,0.008609087,988.8851,0.003483368
6.19,0.18430373,0.2209476,-0.036643863,0.0013427726,988.8851,0.003483368
6.2,-1.9514557,0.22124681,-2.1727026,4.7206364,988.8851,0.003483368
6.21,-0.007213004,0.22135386,-0.22856686,0.052242808,988.8851,0.003483368
6.22,3.3948753,0.22139248,3.173483,10.070993,988.8851,0.003483368
6.23,1.9829586,0.22140607,1.7615525,3.1030672,988.8851,0.003483368
6.24,3.275042,0.22141108,3.053631,9.324663,988.8851,0.003483368
6.25,-0.8418851,0.22141299,-1.0632981,1.1306028,988.8851,0.003483368
6.26,-2.1378014,0.2214137,-2.359215,5.5658956,988.8851,0.003483368
6.27,0.06503023,0.22141394,-0.15638371,0.024455864,988.8851,0.003483368
6.28,0.10533869,0.22141394,-0.11607525,0.013473463,988.8851,0.003483368
6.29,2.3634355,0.22141394,2.1420217,4.588257,988.8851,0.003483368
6.3,-2.9474108,0.22141394,-3.1688247,10.04145,988.8851,0.003483368
6.31,2.810712,0.22141394,2.5892982,6.7044654,988.8851,0.003483368
6.32,-0.2600316,0.22141394,-0.48144555,0.23178981,988.8851,0.003483368
6.33,-0.20543014,0.22141394,-0.42684406,0.18219586,988.8851,0.003483368
6.34,-1.6654438,0.22141394,-1.8868577,3.5602322,988.8851,0.003483368
6.35,-2.8496387,0.22141394,-3.0710526,9.431364,988.8851,0.003483368
6.36,1.7721338,0.22141418,1.5507196,2.4047313,988.8851,0.003483368
6.37,0.8195056,0.22141418,0.59809136,0.35771328,988.8851,0.003483368
6.38,-1.2335144,0.22141466,-1.4549291,2.1168187,988.8851,0.003483368
6.39,-2.1216772,0.22141656,-2.3430936,5.490088,988.8851,0.003483368
6.4,0.10847413,0.22142419,-0.112950064,0.012757717,988.8851,0.003483368
6.41,4.4438996,0.22145376,4.222446,17.82905,988.8851,0.003483368
6.42,0.35174733,0.22156796,0.13017938,0.01694667,988.8851,0.003483368
6.43,-1.8232204,0.22201213,-2.0452325,4.1829762,988.8851,0.003483368
6.44,0.21225905,0.22374114,-0.01148209,0.00013183839,988.8851,0.003483368
6.45,0.67174363,0.23045859,0.44128504,0.19473249,988.8851,0.003483368
6.46,-4.146429,0.25631055,-4.4027395,19.384115,988.8851,0.003483368
6.47,1.3920054,0.3518227,1.0401827,1.0819801,988.8851,0.003483368
6.48,1.1744205,0.6565827,0.51783776,0.26815596,988.8851,0.003483368
6.49,3.4650624,1.3000623,2.165,4.687225,988.8851,0.003483368
6.5,5.1776342,1.9390266,3.2386076,10.48858,988.8851,0.003483368
6.51,3.7618563,2.1722534,1.589603,2.5268376,988.8851,0.003483368
6.52,1.0620093,2.0803697,-1.0183604,1.0370579,988.8851,0.003483368
6.53,-0.67824787,1.9345646,-2.6128125,6.8267894,988.8851,0.003483368
6.54,6.8116436,1.8733126,4.938331,24.387114,988.8851,0.003483368
6.55,1.754718,1.8571597,-0.10244179,0.01049432,988.8851,0.003483368
6.56,1.8707532,1.8534521,0.017301083,0.00029932745,988.8851,0.003483368
6.57,2.2063718,1.8526316,0.35374022,0.12513214,988.8851,0.003483368
6.58,2.0135465,1.8524523,0.16109419,0.025951337,988.8851,0.003483368
6.59,2.0468986,1.8524133,0.1944853,0.037824534,988.8851,0.003483368
6.6,1.3154567,1.8524047,-0.53694797,0.28831312,988.8851,0.003483368
6.61,1.0021529,1.852403,-0.8502501,0.72292525,988.8851,0.003483368
6.62,1.4861892,1.8524028,-0.36621356,0.13411237,988.8851,0.003483368
6.63,0.9903443,1.852403,-0.86205876,0.7431453,988.8851,0.003483368
6.64,1.288404,1.8524047,-0.5640007,0.31809682,988.8851,0.003483368
6.65,2.5904496,1.8524133,0.7380363,0.5446975,988.8851,0.003483368
6.66,1.6413819,1.8524537,-0.21107185,0.044551324,988.8851,0.003483368
6.67,5.374251,1.852644,3.521607,12.401715,988.8851,0.003483368
6.68,-2.4786544,1.853539,-4.3321934,18.767899,988.8851,0.003483368
6.69,5.001814,1.8577108,3.144103,9.885384,988.8851,0.003483368
6.7,5.1454463,1.8762684,3.269178,10.687524,988.8851,0.003483368
6.71,-1.5060207,1.9440051,-3.4500258,11.902678,988.8851,0.003483368
6.72,2.0345466,2.0812216,-0.046674967,0.0021785526,988.8851,0.003483368
6.73,1.8813381,2.1885073,-0.3071692,0.094352916,988.8851,0.003483368
6.74,0.6115818,2.234462,-1.6228802,2.6337402,988.8851,0.003483368
6.75,1.3660226,2.2872772,-0.92125463,0.8487101,988.8851,0.003483368
6.76,1.2154118,2.4481983,-1.2327865,1.5197626,988.8851,0.003483368
6.77,7.18235,2.8280444,4.3543057,18.959978,988.8851,0.003483368
6.78,5.4341993,3.2959528,2.1382465,4.5720983,988.8851,0.003483368
6.79,5.7565026,3.5432496,2.213253,4.898489,988.8851,0.003483368
6.8,4.953301,3.6150017,1.3382993,1.791045,988.8851,0.003483368
6.81,1.1100372,3.6316376,-2.5216002,6.3584676,988.8851,0.003483368
6.82,2.143478,3.635668,-1.4921901,2.2266314,988.8851,0.003483368
6.83,4.651425,3.638536,1.0128889,1.025944,988.8851,0.003483368
6.84,0.7533174,3.6486592,-2.8953419,8.383004,988.8851,0.003483368
6.85,5.4996066,3.6929712,1.8066354,3.2639315,988.8851,0.003483368
6.86,3.1071725,3.8447495,-0.73757696,0.54401976,988.8851,0.003483368
6.87,3.0918396,4.108636,-1.0167964,1.0338749,988.8851,0.003483368
6.88,5.419041,4.283216,1.1358252,1.2900988,988.8851,0.003483368
6.89,4.769669,4.3379006,0.43176842,0.18642397,988.8851,0.003483368
6.9,3.4200425,4.350365,-0.93032265,0.8655002,988.8851,0.003483368
6.91,6.314004,4.3529725,1.9610314,3.8456442,988.8851,0.003483368
6.92,2.1319933,4.3535075,-2.2215142,4.9351254,988.8851,0.003483368
6.93,5.053084,4.353617,0.6994667,0.48925367,988.8851,0.003483368
6.94,5.5102963,4.353639,1.1566572,1.3378559,988.8851,0.003483368
6.95,4.234753,4.353644,-0.11889076,0.014135013,988.8851,0.003483368
6.96,4.740005,4.3536453,0.3863597,0.14927381,988.8851,0.003483368
6.97,1.6001168,4.3536468,-2.75353,7.581928,988.8851,0.003483368
6.98,6.5686965,4.3536525,2.215044,4.90642,988.8851,0.003483368
6.99,4.2055445,4.353681,-0.14813662,0.021944458,988.8851,0.003483368
7.0,3.606377,4.3538156,-0.74743867,0.55866456,988.8851,0.003483368
7.01,7.0109158,4.354449,2.656467,7.0568166,988.8851,0.003483368
7.02,3.424033,4.357434,-0.93340087,0.87123716,988.8851,0.003483368
7.03,2.137977,4.3714147,-2.2334378,4.9882445,988.8851,0.003483368
7.04,1.6690731,4.433925,-2.764852,7.644407,988.8851,0.003483368
7.05,6.1009407,4.6614537,1.439487,2.0721228,988.8851,0.003483368
7.06,2.4389632,5.111645,-2.672682,7.1432295,988.8851,0.003483368
7.07,9.298204,5.4513106,3.8468938,14.798592,988.8851,0.003483368
7.08,0.6013351,5.567473,-4.966138,24.662525,988.8851,0.003483368
7.09,8.435602,5.5955005,2.8401017,8.066177,988.8851,0.003483368
7.1,5.9572716,5.6016355,0.35563612,0.12647705,988.8851,0.003483368
7.11,4.988978,5.6029487,-0.61397076,0.3769601,988.8851,0.003483368
7.12,3.4709466,5.603229,-2.1322825,4.5466285,988.8851,0.003483368
7.13,6.4495916,5.603289,0.8463025,0.71622795,988.8851,0.003483368
7.14,5.154918,5.6033025,-0.44838428,0.20104846,988.8851,0.003483368
7.15,7.789661,5.6033053,2.1863556,4.780151,988.8851,0.003483368
7.16,5.848886,5.6033053,0.24558067,0.06030987,988.8851,0.003483368
7.17,5.93765,5.603306,0.3343444,0.11178617,988.8851,0.003483368
7.18,5.039657,5.603306,-0.5636487,0.31769985,988.8851,0.003483368
7.19,5.4089694,5.603306,-0.19433641,0.037766643,988.8851,0.003483368
7.2,6.533192,5.603307,0.9298854,0.86468685,988.8851,0.003483368
7.21,1.9889623,5.6033125,-3.6143503,13.063528,988.8851,0.003483368
7.22,3.1184494,5.6033506,-2.4849012,6.174734,988.8851,0.003483368
7.23,7.6643186,5.6036043,2.0607142,4.2465434,988.8851,0.003483368
7.24,6.0081787,5.6052785,0.40290022,0.16232859,988.8851,0.003483368
7.25,5.892967,5.6161866,0.2767806,0.0766075,988.8851,0.003483368
7.26,5.8958592,5.6813636,0.21449566,0.04600839,988.8851,0.003483368
7.27,7.065665,5.9334254,1.1322393,1.281966,988.8851,0.003483368
7.28,5.0446997,6.246781,-1.2020812,1.4449992,988.8851,0.003483368
7.29,5.0103254,6.354178,-1.3438525,1.8059396,988.8851,0.003483368
7.3,6.570049,6.3735385,0.19651031,0.038616303,988.8851,0.003483368
7.31,4.00447,6.3765388,-2.372069,5.626711,988.8851,0.003483368
7.32,7.191661,6.3769917,0.81466913,0.6636858,988.8851,0.003483368
7.33,2.5116272,6.3770595,-3.8654323,14.941566,988.8851,0.003483368
7.34,8.89781,6.37707,2.52074,6.3541303,988.8851,0.003483368
7.35,6.993335,6.377072,0.6162629,0.37977996,988.8851,0.003483368
7.36,6.729336,6.377072,0.35226393,0.124089874,988.8851,0.003483368
7.37,8.375939,6.377072,1.9988675,3.9954712,988.8851,0.003483368
7.38,10.538867,6.377072,4.161795,17.32054,988.8851,0.003483368
7.39,9.370755,6.377072,2.9936833,8.96214,988.8851,0.003483368
7.4,2.5323644,6.377072,-3.8447075,14.781775,988.8851,0.003483368
7.41,3.7964437,6.377072,-2.5806282,6.6596417,988.8851,0.003483368
7.42,5.362326,6.377072,-1.0147457,1.0297089,988.8851,0.003483368
7.43,7.1788545,6.377072,0.8017826,0.64285535,988.8851,0.003483368
7.44,7.688726,6.377072,1.3116541,1.7204365,988.8851,0.003483368
7.45,5.299772,6.377072,-1.0773001,1.1605754,988.8851,0.003483368
7.46,7.5990176,6.377073,1.2219448,1.4931492,988.8851,0.003483368
7.47,5.3835526,6.3770766,-0.9935241,0.9870901,988.8851,0.003483368
7.48,5.647612,6.377094,-0.7294817,0.53214353,988.8851,0.003483368
7.49,4.138852,6.377177,-2.2383246,5.010097,988.8851,0.003483368
7.5,4.146755,6.3775687,-2.2308135,4.976529,988.8851,0.003483368
7.51,4.2280765,6.379415,-2.1513386,4.6282578,988.8851,0.003483368
7.52,4.706687,6.3880944,-1.6814075,2.827131,988.8851,0.003483368
7.53,8.969242,6.428159,2.5410829,6.4571023,988.8851,0.003483368
7.54,5.1772003,6.598824,-1.4216237,2.021014,988.8851,0.003483368
7.55,13.578293,7.1353087,6.442984,41.512043,988.8851,0.003483368
7.56,8.31327,7.932179,0.38109064,0.14523007,988.8851,0.003483368
7.57,7.9724274,8.377633,-0.40520573,0.16419168,988.8851,0.003483368
7.58,5.8290534,8.506905,-2.6778512,7.170887,988.8851,0.003483368
7.59,9.316153,8.536482,0.7796707,0.60788643,988.8851,0.003483368
7.6,6.5357246,8.542858,-2.0071335,4.028585,988.8851,0.003483368
7.61,7.8858075,8.544214,-0.65840673,0.43349943,988.8851,0.003483368
7.62,13.287346,8.5445,4.7428455,22.494583,988.8851,0.003483368
7.63,6.738938,8.544548,-1.8056102,3.2602282,988.8851,0.003483368
7.64,10.026072,8.544493,1.4815788,2.1950758,988.8851,0.003483368
7.65,5.6246347,8.544173,-2.9195385,8.5237055,988.8851,0.003483368
7.66,8.087212,8.542629,-0.45541763,0.20740522,988.8851,0.003483368
7.67,11.562401,8.535296,3.0271044,9.163361,988.8851,0.003483368
7.68,6.156487,8.502189,-2.3457017,5.5023165,988.8851,0.003483368
7.69,11.933604,8.38036,3.5532446,12.625547,988.8851,0.003483368
7.7,9.256883,8.135896,1.1209869,1.2566117,988.8851,0.003483368
7.71,6.837751,7.952234,-1.1144829,1.2420721,988.8851,0.003483368
7.72,8.928674,7.89103,1.0376439,1.0767049,988.8851,0.003483368
7.73,9.984402,7.876638,2.1077638,4.442668,988.8851,0.003483368
7.74,8.910877,7.8735547,1.0373225,1.076038,988.8851,0.003483368
7.75,3.6613612,7.872907,-4.211546,17.73712,988.8851,0.003483368
7.76,5.8494487,7.8727717,-2.023323,4.0938363,988.8851,0.003483368
7.77,7.1545386,7.872743,-0.7182045,0.5158177,988.8851,0.003483368
7.78,7.4562,7.8727374,-0.41653728,0.17350331,988.8851,0.003483368
7.79,9.016845,7.8727365,1.1441083,1.3089838,988.8851,0.003483368
7.8,7.782563,7.8727365,-0.090173244,0.008131214,988.8851,0.003483368
7.81,4.6488037,7.8727355,-3.2239318,10.393736,988.8851,0.003483368
7.82,8.256014,7.8727355,0.38327837,0.14690231,988.8851,0.003483368
7.83,9.490031,7.8727355,1.6172957,2.6156454,988.8851,0.003483368
7.84,9.180593,7.8727355,1.307857,1.71049,988.8851,0.003483368
7.85,9.957911,7.8727355,2.085175,4.3479548,988.8851,0.003483368
7.86,9.733483,7.8727355,1.8607478,3.4623823,988.8851,0.003483368
7.87,8.727468,7.8727355,0.85473204,0.73056686,988.8851,0.003483368
7.88,7.807214,7.8727355,-0.06552172,0.0042930953,988.8851,0.003483368
7.89,4.355523,7.8727355,-3.5172124,12.370783,988.8851,0.003483368
7.9,8.3472805,7.8727355,0.474545,0.22519296,988.8851,0.003483368
7.91,8.424943,7.8727355,0.55220747,0.3049331,988.8851,0.003483368
7.92,8.499978,7.8727355,0.62724257,0.39343324,988.8851,0.003483368
7.93,5.0711155,7.8727355,-2.80162,7.849075,988.8851,0.003483368
7.94,5.3995256,7.8727355,-2.4732099,6.116767,988.8851,0.003483368
7.95,10.199559,7.8727355,2.3268237,5.4141088,988.8851,0.003483368
7.96,7.7251334,7.8727374,-0.14760399,0.021786937,988.8851,0.003483368
7.97,9.307081,7.872741,1.43434,2.0573313,988.8851,0.003483368
7.98,8.307317,7.8727536,0.43456316,0.18884514,988.8851,0.003483368
7.99,7.9939213,7.8727927,0.12112856,0.014672128,988.8851,0.003483368
8.0,10.737104,7.872915,2.8641896,8.203582,988.8851,0.003483368
8.01,6.654455,7.8732953,-1.2188401,1.4855713,988.8851,0.003483368
8.02,7.928474,7.874479,0.053995132,0.0029154744,988.8851,0.003483368
8.03,6.3381906,7.8781314,-1.5399408,2.3714178,988.8851,0.003483368
8.04,6.3123503,7.8892293,-1.576879,2.4865475,988.8851,0.003483368
8.05,6.6739497,7.921378,-1.2474284,1.5560776,988.8851,0.003483368
8.06,8.506814,8.003131,0.5036831,0.25369665,988.8851,0.003483368
8.07,6.876009,8.156938,-1.2809286,1.6407781,988.8851,0.003483368
8.08,10.444092,8.331396,2.1126957,4.4634833,988.8851,0.003483368
8.09,5.9630184,8.444755,-2.4817362,6.1590147,988.8851,0.003483368
8.1,7.257091,8.494451,-1.2373595,1.5310585,988.8851,0.003483368
8.11,6.819834,8.512522,-1.6926875,2.865191,988.8851,0.003483368
8.12,11.842886,8.518774,3.324112,11.04972,988.8851,0.003483368
8.13,8.570713,8.521095,0.049617767,0.0024619228,988.8851,0.003483368
8.14,10.248516,8.522032,1.7264843,2.980748,988.8851,0.003483368
8.15,3.8959675,8.521351,-4.6253834,21.39417,988.8851,0.003483368
8.16,7.7890863,8.514364,-0.7252779,0.52602804,988.8851,0.003483368
8.17,9.730164,8.483105,1.2470589,1.5551559,988.8851,0.003483368
8.18,7.887705,8.376217,-0.48851204,0.23864402,988.8851,0.003483368
8.19,10.053706,8.111493,1.942213,3.7721915,988.8851,0.003483368
8.2,6.402084,7.7079625,-1.3058786,1.705319,988.8851,0.003483368
8.21,11.1894455,7.362158,3.8272877,14.648131,988.8851,0.003483368
8.22,13.277131,7.178291,6.09884,37.19585,988.8851,0.003483368
8.23,6.5641546,7.104322,-0.54016733,0.29178074,988.8851,0.003483368
8.24,6.582978,7.0781317,-0.4951539,0.24517739,988.8851,0.003483368
8.25,11.341193,7.069359,4.2718344,18.24857,988.8851,0.003483368
8.26,11.175528,7.0665054,4.109022,16.884064,988.8851,0.003483368
8.27,6.690676,7.065599,-0.37492275,0.14056706,988.8851,0.003483368
8.28,6.4665995,7.065319,-0.5987196,0.35846516,988.8851,0.003483368
8.29,6.8192477,7.0652366,-0.24598885,0.060510512,988.8851,0.003483368
8.3,4.352809,7.0652127,-2.7124038,7.3571343,988.8851,0.003483368
8.31,5.240592,7.065207,-1.824615,3.3292198,988.8851,0.003483368
8.32,5.2123976,7.0652056,-1.852808,3.4328976,988.8851,0.003483368
8.33,5.5713363,7.0652046,-1.4938684,2.2316427,988.8851,0.003483368
8.34,7.103713,7.0652027,0.038510323,0.0014830449,988.8851,0.003483368
8.35,8.038855,7.0651994,0.9736552,0.9480045,988.8851,0.003483368
8.36,10.857873,7.0651917,3.7926812,14.384431,988.8851,0.003483368
8.37,4.805849,7.065179,-2.2593298,5.1045713,988.8851,0.003483368
8.38,9.711751,7.0651555,2.6465955,7.0044675,988.8851,0.003483368
8.39,6.612249,7.0651145,-0.4528656,0.20508726,988.8851,0.003483368
8.4,7.015421,7.0650406,-0.049619675,0.002462112,988.8851,0.003483368
8.41,8.281161,7.064909,1.2162523,1.4792697,988.8851,0.003483368
8.42,4.106228,7.0646753,-2.9584475,8.752411,988.8851,0.003483368
8.43,8.064687,7.0642595,1.0004272,1.0008547,988.8851,0.003483368
8.44,7.501194,7.0635223,0.43767166,0.19155648,988.8851,0.003483368
8.45,7.9330893,7.062218,0.87087107,0.7584164,988.8851,0.003483368
8.46,8.067086,7.0599194,1.0071669,1.0143851,988.8851,0.003483368
8.47,12.892156,7.0558887,5.836267,34.06201,988.8851,0.003483368
8.48,5.5403376,7.0488834,-1.5085459,2.2757106,988.8851,0.003483368
8.49,5.6056356,7.0368752,-1.4312396,2.048447,988.8851,0.003483368
8.5,5.004264,7.016761,-2.012497,4.050144,988.8851,0.003483368
8.51,5.8580155,6.984304,-1.1262884,1.2685256,988.8851,0.003483368
8.52,4.711921,6.934925,-2.2230039,4.941746,988.8851,0.003483368
8.53,9.972438,6.866094,3.1063437,9.649371,988.8851,0.003483368
8.54,10.54754,6.7809,3.7666397,14.187574,988.8851,0.003483368
8.55,4.8961296,6.689669,-1.7935395,3.216784,988.8851,0.003483368
8.56,4.793993,6.605879,-1.8118858,3.2829304,988.8851,0.003483368
8.57,7.6024194,6.5390673,1.0633521,1.1307178,988.8851,0.003483368
8.58,5.0815134,6.4915066,-1.4099932,1.9880807,988.8851,0.003483368
8.59,8.075619,6.460307,1.6153116,2.6092317,988.8851,0.003483368
8.6,6.7990637,6.440911,0.35815287,0.12827347,988.8851,0.003483368
8.61,2.5924814,6.429247,-3.8367655,14.72077,988.8851,0.003483368
8.62,10.452128,6.4223676,4.029761,16.238972,988.8851,0.003483368
8.63,10.284268,6.4183545,3.8659139,14.94529,988.8851,0.003483368
8.64,4.908566,6.4160275,-1.5074615,2.2724404,988.8851,0.003483368
8.65,4.5463386,6.4146824,-1.8683438,3.4907086,988.8851,0.003483368
8.66,7.048425,6.413905,0.63452005,0.4026157,988.8851,0.003483368
8.67,7.1479845,6.4134564,0.73452806,0.53953147,988.8851,0.003483368
8.68,7.270938,6.413197,0.8577409,0.73571944,988.8851,0.003483368
8.69,10.94333,6.4130473,4.5302825,20.52346,988.8851,0.003483368
8.7,4.9742885,6.412959,-1.4386706,2.0697732,988.8851,0.003483368
8.71,3.5585403,6.412909,-2.8543687,8.147421,988.8851,0.003483368
8.72,1.9486709,6.41288,-4.464209,19.929163,988.8851,0.003483368
8.73,3.9086683,6.412862,-2.5041935,6.270985,988.8851,0.003483368
8.74,5.834293,6.412851,-0.57855797,0.3347293,988.8851,0.003483368
8.75,10.595754,6.4128423,4.1829114,17.496748,988.8851,0.003483368
8.76,3.8749743,6.412833,-2.537859,6.440728,988.8851,0.003483368
8.77,5.8668017,6.412822,-0.54602003,0.29813787,988.8851,0.003483368
8.78,4.728675,6.412801,-1.6841259,2.83628,988.8851,0.003483368
8.79,8.104491,6.4127617,1.6917295,2.861949,988.8851,0.003483368
8.8,12.107828,6.412685,5.695143,32.434658,988.8851,0.003483368
8.81,4.1629953,6.412539,-2.2495437,5.0604467,988.8851,0.003483368
8.82,3.3495092,6.412256,-3.0627465,9.380416,988.8851,0.003483368
8.83,7.5359116,6.4117103,1.1242013,1.2638285,988.8851,0.003483368
8.84,6.6802607,6.410659,0.26960182,0.072685145,988.8851,0.003483368
8.85,9.798345,6.408638,3.3897066,11.490111,988.8851,0.003483368
8.86,6.0513225,6.404763,-0.35344076,0.124920376,988.8851,0.003483368
8.87,3.843455,6.397364,-2.553909,6.5224514,988.8851,0.003483368
8.88,6.0332193,6.383327,-0.35010767,0.12257538,988.8851,0.003483368
8.89,7.4833655,6.356964,1.1264014,1.2687801,988.8851,0.003483368
8.9,6.813658,6.3083286,0.5053296,0.255358,988.8851,0.003483368
8.91,5.7446337,6.221294,-0.47666025,0.227205,988.8851,0.003483368
8.92,7.0373344,6.073554,0.9637804,0.92887264,988.8851,0.003483368
8.93,7.3399477,5.843545,1.4964027,2.239221,988.8851,0.003483368
8.94,7.846588,5.5291862,2.317402,5.3703513,988.8851,0.003483368
8.95,5.7221947,5.1675735,0.5546212,0.3076047,988.8851,0.003483368
8.96,3.4892378,4.8251762,-1.3359385,1.7847315,988.8851,0.003483368
8.97,4.8145885,4.5551486,0.25943995,0.06730908,988.8851,0.003483368
8.98,7.282323,4.3704906,2.9118323,8.478767,988.8851,0.003483368
8.99,1.4947495,4.254972,-2.7602224,7.618828,988.8851,0.003483368
9.0,4.9135704,4.184911,0.72865963,0.5309449,988.8851,0.003483368
9.01,2.4675698,4.1406083,-1.6730385,2.7990577,988.8851,0.003483368
9.02,3.9819293,4.108438,-0.12650871,0.016004454,988.8851,0.003483368
9.03,7.047186,4.079352,2.967834,8.808039,988.8851,0.003483368
9.04,3.8792644,4.0470476,-0.16778326,0.028151222,988.8851,0.003483368
9.05,3.5732868,4.0067534,-0.43346667,0.18789336,988.8851,0.003483368
9.06,-0.9352705,3.9545841,-4.8898544,23.910677,988.8851,0.003483368
9.07,4.8432817,3.8873036,0.95597816,0.91389424,988.8851,0.003483368
9.08,4.46905,3.802312,0.66673803,0.4445396,988.8851,0.003483368
9.09,8.928684,3.6980948,5.2305894,27.359066,988.8851,0.003483368
9.1,2.5833151,3.5751417,-0.99182653,0.9837199,988.8851,0.003483368
9.11,4.088833,3.436812,0.65202093,0.4251313,988.8851,0.003483368
9.12,3.6104712,3.2886782,0.32179308,0.103550784,988.8851,0.003483368
9.13,7.123413,3.1360753,3.9873378,15.898863,988.8851,0.003483368
9.14,1.7662138,2.9812157,-1.215002,1.4762297,988.8851,0.003483368
9.15,3.0858111,2.8224387,0.26337242,0.06936503,988.8851,0.003483368
9.16,3.8312905,2.6560779,1.1752126,1.3811247,988.8851,0.003483368
9.17,2.6382275,2.4797752,0.15845227,0.025107123,988.8851,0.003483368
9.18,0.94476825,2.2950063,-1.3502381,1.8231429,988.8851,0.003483368
9.19,2.5313215,2.1076534,0.42366815,0.1794947,988.8851,0.003483368
9.2,4.420021,1.9261557,2.4938655,6.219365,988.8851,0.003483368
9.21,-0.64895684,1.7584987,-2.4074554,5.7958417,988.8851,0.003483368
9.22,1.920856,1.6093018,0.3115542,0.097066015,988.8851,0.003483368
9.23,-0.08040599,1.4785825,-1.5589885,2.430445,988.8851,0.003483368
9.24,5.6325436,1.3620878,4.270456,18.236794,988.8851,0.003483368
9.25,-2.8941813,1.2527059,-4.1468873,17.196674,988.8851,0.003483368
9.26,-0.7928228,1.1420933,-1.934916,3.7439,988.8851,0.003483368
9.27,2.392295,1.0225106,1.3697842,1.8763088,988.8851,0.003483368
9.28,6.0275574,0.8888934,5.138664,26.405865,988.8851,0.003483368
9.29,1.6525582,0.74084336,0.91171485,0.83122396,988.8851,0.003483368
9.3,-0.7604454,0.5837604,-1.3442059,1.8068894,988.8851,0.003483368
9.31,6.4693193,0.42760977,6.0417094,36.502254,988.8851,0.003483368
9.32,-3.2134953,0.2835069,-3.4970021,12.229024,988.8851,0.003483368
9.33,-5.3032875,0.15982231,-5.46311,29.84557,988.8851,0.003483368
9.34,2.8171015,0.06025014,2.7568514,7.6002297,988.8851,0.003483368
9.35,-1.1606307,-0.015859924,-1.1447707,1.3105,988.8851,0.003483368
9.36,-2.1856022,-0.071784995,-2.1138172,4.468223,988.8851,0.003483368
9.37,2.6445107,-0.11173686,2.7562475,7.5969005,988.8851,0.003483368
9.38,1.431668,-0.13972464,1.5713927,2.4692748,988.8851,0.003483368
9.39,-1.2331153,-0.15908793,-1.0740274,1.1535349,988.8851,0.003483368
9.4,-3.2851543,-0.17239246,-3.112762,9.689287,988.8851,0.003483368
9.41,2.484508,-0.18152472,2.6660328,7.107731,988.8851,0.003483368
9.42,1.9632149,-0.18783,2.1510448,4.626994,988.8851,0.003483368
9.43,-0.4327698,-0.19226292,-0.24050689,0.057843562,988.8851,0.003483368
9.44,5.272457,-0.19550785,5.467965,29.898643,988.8851,0.003483368
9.45,-3.3828964,-0.19807652,-3.18482,10.143078,988.8851,0.003483368
9.46,-4.549442,-0.20038477,-4.349057,18.914299,988.8851,0.003483368
9.47,-2.4025965,-0.20281991,-2.1997766,4.8390174,988.8851,0.003483368
9.48,-0.31507045,-0.20580187,-0.109268576,0.0119396215,988.8851,0.003483368
9.49,0.05885088,-0.20985839,0.26870927,0.07220467,988.8851,0.003483368
9.5,-1.9333682,-0.2157093,-1.7176589,2.950352,988.8851,0.003483368
9.51,0.5735096,-0.2243866,0.79789615,0.6366383,988.8851,0.003483368
9.52,-4.7512608,-0.23739687,-4.513864,20.37497,988.8851,0.003483368
9.53,2.9306765,-0.25693604,3.1876125,10.160873,988.8851,0.003483368
9.54,-1.5106027,-0.28619015,-1.2244126,1.4991862,988.8851,0.003483368
9.55,2.4206364,-0.32966805,2.7503045,7.5641747,988.8851,0.003483368
9.56,-0.9465527,-0.3935598,-0.5529929,0.30580112,988.8851,0.003483368
9.57,0.86776793,-0.48593998,1.3537079,1.8325251,988.8851,0.003483368
9.58,0.47326526,-0.61660093,1.0898662,1.1878083,988.8851,0.003483368
9.59,-0.22225104,-0.7959953,0.57374424,0.32918245,988.8851,0.003483368
9.6,0.16103625,-1.0330627,1.194099,1.4258723,988.8851,0.003483368
9.61,2.1477895,-1.3319197,3.4797091,12.108376,988.8851,0.003483368
9.62,-1.1426327,-1.6885403,0.5459076,0.29801512,988.8851,0.003483368
9.63,0.27943137,-2.0886533,2.3680847,5.607825,988.8851,0.003483368
9.64,-2.1515946,-2.5090728,0.35747814,0.12779061,988.8851,0.003483368
9.65,2.0409486,-2.9221559,4.9631042,24.632404,988.8851,0.003483368
9.66,-4.2707357,-3.3023334,-0.9684024,0.9378032,988.8851,0.003483368
9.67,2.8315437,-3.6313205,6.462864,41.768612,988.8851,0.003483368
9.68,-2.6189065,-3.9007688,1.2818623,1.6431708,988.8851,0.003483368
9.69,-6.3591094,-4.111317,-2.2477922,5.05257,988.8851,0.003483368
9.7,-2.0852273,-4.269714,2.1844866,4.7719817,988.8851,0.003483368
9.71,-5.598128,-4.3853855,-1.2127423,1.470744,988.8851,0.003483368
9.72,-0.17996944,-4.468015,4.288046,18.387337,988.8851,0.003483368
9.73,-4.7705016,-4.5261126,-0.24438906,0.05972601,988.8851,0.003483368
9.74,-4.329029,-4.566528,0.23749876,0.05640566,988.8851,0.003483368
9.75,-8.758775,-4.5944376,-4.164337,17.341703,988.8851,0.003483368
9.76,-4.1979527,-4.6136246,0.41567183,0.17278306,988.8851,0.003483368
9.77,-10.126355,-4.62678,-5.499575,30.245327,988.8851,0.003483368
9.78,-8.280504,-4.6357875,-3.6447167,13.28396,988.8851,0.003483368
9.79,-1.1411105,-4.6419544,3.500844,12.255909,988.8851,0.003483368
9.8,-1.5727401,-4.6461763,3.0734363,9.446011,988.8851,0.003483368
9.81,-2.8480177,-4.649069,1.8010511,3.2437851,988.8851,0.003483368
9.82,-6.817556,-4.651053,-2.166503,4.693735,988.8851,0.003483368
9.83,-3.757193,-4.652415,0.8952217,0.8014219,988.8851,0.003483368
9.84,-3.6940854,-4.653352,0.9592664,0.92019206,988.8851,0.003483368
9.85,-7.332394,-4.6539965,-2.6783977,7.173814,988.8851,0.003483368
9.86,0.507489,-4.6544414,5.1619306,26.645527,988.8851,0.003483368
9.87,-1.497874,-4.654748,3.156874,9.965853,988.8851,0.003483368
9.88,-5.1912403,-4.6549606,-0.5362797,0.2875959,988.8851,0.003483368
9.89,-4.227517,-4.655108,0.42759085,0.18283394,988.8851,0.003483368
9.9,-3.6705856,-4.65521,0.9846244,0.96948516,988.8851,0.003483368
9.91,-10.465861,-4.6552806,-5.8105807,33.762848,988.8851,0.003483368
9.92,-5.093178,-4.65533,-0.4378476,0.19171053,988.8851,0.003483368
9.93,-6.6252775,-4.6553645,-1.969913,3.8805573,988.8851,0.003483368
9.94,-7.7791133,-4.6553893,-3.123724,9.757651,988.8851,0.003483368
9.95,-5.5070205,-4.6554055,-0.85161495,0.72524804,988.8851,0.003483368
9.96,0.28361183,-4.6554174,4.939029,24.39401,988.8851,0.003483368
9.97,-3.5183227,-4.655426,1.1371033,1.2930039,988.8851,0.003483368
9.98,-7.0198073,-4.655432,-2.364375,5.5902696,988.8851,0.003483368
9.99,-3.8581176,-4.655436,0.79731846,0.63571674,988.8851,0.003483368
